Country,Channel,EPG ID
ARGENTINA,ARGENTINA A24,ARGENTINA A24
ARGENTINA,ARGENTINA AMERICA TV,ARGENTINA AMERICA TV
ARGENTINA,ARGENTINA C5N,ARGENTINA C5N
ARGENTINA,ARGENTINA CANAL 26,ARGENTINA CANAL 26
ARGENTINA,ARGENTINA CINE AR,ARGENTINA CINE AR
ARGENTINA,ARGENTINA CIUDAD MAGAZINE,ARGENTINA CIUDAD MAGAZINE
ARGENTINA,ARGENTINA CRONICA,ARGENTINA CRONICA
ARGENTINA,ARGENTINA DEPORTV,ARGENTINA DEPORTV
ARGENTINA,ARGENTINA EL NUEVE,ARGENTINA EL NUEVE
ARGENTINA,ARGENTINA EL TRECE,ARGENTINA EL TRECE
ARGENTINA,ARGENTINA ENCUENTRO,ARGENTINA ENCUENTRO
ARGENTINA,ARGENTINA FOX SPORTS PREMIUM,ARGENTINA FOX SPORTS PREMIUM
ARGENTINA,ARGENTINA LN,ARGENTINA LN
ARGENTINA,ARGENTINA NET TV,ARGENTINA NET TV
ARGENTINA,ARGENTINA PAKA PAKA,ARGENTINA PAKA PAKA
ARGENTINA,ARGENTINA TELEFE,ARGENTINA TELEFE
ARGENTINA,ARGENTINA TN,ARGENTINA TN
ARGENTINA,ARGENTINA TNT SPORTS,ARGENTINA TNT SPORTS
ARGENTINA,ARGENTINA TV PUBLICA,ARGENTINA TV PUBLICA
ARGENTINA,ARGENTINA TYC SPORTS,ARGENTINA TYC SPORTS
ARGENTINA,ARGENTINA VOLVER,ARGENTINA VOLVER